Ride_ID,Customer_ID,Driver_ID,Pickup_Location,Dropoff_Location,Distance_km,Fare_Amount,Payment_Method,Ride_Status,Ride_Date,Pickup_Time,Rating,Feedback
R0001,C2789,D274,Pune,Delhi,43.87,596.92,Card,Completed,5/21/2024,6:37:11,3,
R0002,C9438,D954,Chennai,Hyderabad,21.11,389.03,Card,Cancelled,6/16/2024,5:19:23,2,Driver was late
R0003,C9378,D576,Chennai,Bangalore,32.26,1475.6,Wallet,Cancelled,11/16/2024,4:15:11,4,Smooth ride
R0004,C4265,D934,Chennai,Delhi,47.91,471.41,Card,Completed,1/23/2024,11:57:39,,Overpriced
R0005,C8506,D344,Chennai,Pune,14.25,1453.1,UPI,In Progress,3/2/2024,22:56:06,1,Driver was polite
R0006,C8808,D389,Delhi,Pune,5.62,703.17,Card,Completed,6/11/2024,1:13:39,3,
R0007,C1586,D968,Pune,Chennai,20.36,930.18,UPI,In Progress,2/8/2024,18:49:32,4,Overpriced
R0008,C7682,D652,Pune,Delhi,42.98,595.4,Cash,Completed,10/14/2024,9:22:34,5,Car was clean
R0009,C2329,D827,Pune,Hyderabad,14.99,650.8,Wallet,Cancelled,12/21/2024,14:54:48,4,On time
R0010,C9137,D697,Chennai,Mumbai,4.4,750.85,Card,Cancelled,11/14/2024,15:22:12,,Overpriced
R0011,C1620,D469,Pune,Bangalore,5.06,384.08,Card,Completed,12/27/2024,18:31:23,2,
R0012,C8976,D530,Bangalore,Bangalore,37.93,1192.84,Cash,In Progress,3/12/2024,8:45:39,3,Overpriced
R0013,C1199,D302,Mumbai,Bangalore,8.18,1035.98,Card,In Progress,6/12/2024,16:35:44,2,Smooth ride
R0014,C7457,D210,Chennai,Delhi,20.68,298.07,UPI,Completed,5/26/2024,6:56:55,3,On time
R0015,C2913,D305,Mumbai,Hyderabad,3.52,344.13,Wallet,Completed,5/19/2024,3:17:16,5,Car was clean
R0016,C6187,D801,Delhi,Delhi,44.28,241.16,UPI,In Progress,12/22/2024,6:11:59,4,Driver was polite
R0017,C9132,D323,Pune,Mumbai,17.74,277.37,Wallet,Completed,11/23/2024,19:29:26,2,Car was clean
R0018,C7671,D816,Mumbai,Hyderabad,30.71,990,Card,In Progress,4/7/2024,15:21:55,4,Driver was polite
R0019,C2490,D760,Delhi,Mumbai,19.78,682.58,Card,Cancelled,7/1/2024,23:15:51,5,Smooth ride
R0020,C6715,D640,Pune,Bangalore,36.42,1305.17,Cash,In Progress,4/28/2024,5:47:24,4,
R0021,C2965,D292,Pune,Hyderabad,31.11,646.4,Wallet,In Progress,3/1/2024,14:14:33,2,
R0022,C6003,D732,Bangalore,Mumbai,45.7,903.02,Wallet,Cancelled,10/7/2024,12:20:44,2,
R0023,C3011,D957,Pune,Chennai,23.85,336.64,Card,In Progress,6/27/2024,7:55:32,4,
R0024,C2825,D588,Pune,Delhi,3.16,705.71,UPI,Cancelled,7/16/2024,6:19:21,3,
R0025,C9476,D301,Chennai,Bangalore,37.19,1289.21,Wallet,In Progress,5/20/2024,9:08:37,4,Overpriced
R0026,C7561,D712,Mumbai,Hyderabad,12.13,737.7,Wallet,Completed,10/14/2024,12:11:04,5,On time
R0027,C8212,D500,Pune,Chennai,37.1,716.31,UPI,In Progress,9/8/2024,13:20:44,1,Driver was late
R0028,C5979,D892,Chennai,Hyderabad,5.19,1269.6,Card,Cancelled,12/31/2024,2:48:22,4,
R0029,C3547,D605,Mumbai,Mumbai,2.36,960.54,UPI,Completed,6/4/2024,7:27:55,2,Overpriced
R0030,C7754,D835,Chennai,Chennai,20.4,55.17,UPI,In Progress,2/9/2024,17:48:09,2,Smooth ride
R0031,C4818,D450,Bangalore,Mumbai,33.87,1492.65,Card,Completed,6/26/2024,10:24:02,4,On time
R0032,C1990,D894,Bangalore,Mumbai,8.28,547.84,Cash,Cancelled,8/2/2024,16:36:16,3,Driver was polite
R0033,C9704,D831,Bangalore,Hyderabad,47.64,238.32,Cash,Completed,2/16/2024,18:35:45,2,Driver was late
R0034,C9740,D820,Mumbai,Bangalore,42.21,89.22,Wallet,Completed,12/19/2024,23:21:40,5,Smooth ride
R0035,C7103,D693,Mumbai,Delhi,5.58,1270.63,UPI,Completed,12/20/2024,3:32:14,3,Driver was late
R0036,C9432,D265,Chennai,Mumbai,31.91,1416.61,Cash,Cancelled,2/21/2024,19:12:10,3,
R0037,C7333,D208,Chennai,Pune,48.82,1279.74,Wallet,Completed,8/16/2024,18:15:52,4,Car was clean
R0038,C9954,D775,Mumbai,Mumbai,40.63,1020.29,Card,Completed,3/29/2024,20:45:31,5,Driver was late
R0039,C2996,D521,Bangalore,Hyderabad,22.15,671.28,Card,In Progress,1/25/2024,13:50:01,5,On time
R0040,C4297,D747,Hyderabad,Pune,10.05,1023.73,Card,Completed,2/2/2024,15:30:18,2,
R0041,C6408,D552,Bangalore,Mumbai,30.83,1080.47,Card,Completed,7/25/2024,12:59:33,3,On time
R0042,C8697,D495,Pune,Hyderabad,40.46,1007.8,Cash,Cancelled,12/13/2024,7:31:20,,Overpriced
R0043,C9892,D693,Pune,Delhi,6.38,1100.59,Card,Completed,6/26/2024,17:49:18,5,
R0044,C8439,D692,Mumbai,Pune,6.22,565.5,UPI,Cancelled,8/3/2024,8:41:30,1,Driver was polite
R0045,C2751,D287,Pune,Mumbai,16.01,345.55,Wallet,Completed,2/16/2024,21:41:38,1,Driver was late
R0046,C7424,D517,Delhi,Mumbai,10.93,1252.21,Cash,Completed,6/23/2024,5:22:51,,Car was clean
R0047,C9293,D946,Chennai,Hyderabad,38.15,1386.86,Cash,Completed,4/24/2024,6:59:11,,Overpriced
R0048,C3992,D523,Bangalore,Pune,30.31,84.84,UPI,Completed,11/12/2024,15:12:49,1,
R0049,C4792,D863,Bangalore,Chennai,39.54,525.69,Cash,Completed,10/18/2024,9:49:07,,Overpriced
R0050,C9678,D644,Mumbai,Delhi,26.42,238.02,Wallet,Completed,5/26/2024,19:36:10,2,Car was clean
R0051,C5343,D736,Pune,Chennai,15.98,392.08,Cash,Completed,10/2/2024,3:47:51,,Car was clean
R0052,C5070,D629,Chennai,Bangalore,3.59,923.12,UPI,Cancelled,1/4/2024,6:45:13,2,Overpriced
R0053,C2726,D886,Hyderabad,Bangalore,44.5,1390.21,Cash,Cancelled,5/5/2024,2:47:38,3,
R0054,C4640,D700,Pune,Delhi,45.04,255.46,UPI,In Progress,8/17/2024,3:02:21,2,Driver was late
R0055,C4914,D663,Delhi,Pune,12.28,1374.12,Wallet,In Progress,5/12/2024,16:45:57,5,Driver was late
R0056,C6449,D200,Hyderabad,Chennai,37.71,321.67,UPI,In Progress,3/14/2024,14:53:03,,
R0057,C5151,D942,Delhi,Delhi,16.04,1449.73,Card,In Progress,1/7/2024,5:52:55,4,On time
R0058,C6168,D387,Hyderabad,Bangalore,40.42,410.74,UPI,Cancelled,1/18/2024,4:03:56,,On time
R0059,C7376,D431,Mumbai,Pune,26.14,766.55,Wallet,Cancelled,12/14/2024,4:09:52,2,Smooth ride
R0060,C5365,D739,Bangalore,Bangalore,43.66,1139.63,UPI,Cancelled,9/7/2024,7:25:55,3,Overpriced
R0061,C9424,D353,Mumbai,Mumbai,42.22,1085.41,Wallet,Completed,10/29/2024,5:47:46,2,
R0062,C8612,D380,Hyderabad,Hyderabad,38.95,853.61,Card,Cancelled,11/18/2024,21:42:06,3,
R0063,C3930,D433,Delhi,Hyderabad,6.8,135.74,Card,In Progress,8/26/2024,10:12:55,2,Driver was polite
R0064,C8645,D934,Mumbai,Delhi,9.21,153.65,UPI,Completed,1/7/2024,19:36:43,1,Overpriced
R0065,C1110,D872,Mumbai,Chennai,17.9,1480.76,Wallet,In Progress,11/25/2024,18:58:48,5,Smooth ride
R0066,C1363,D406,Delhi,Chennai,38.89,1199.46,Wallet,Completed,10/9/2024,2:19:41,,Driver was polite
R0067,C5284,D691,Delhi,Pune,38.96,376.19,UPI,Cancelled,10/10/2024,8:18:08,,Driver was late
R0068,C3529,D397,Delhi,Chennai,47.63,955.6,Card,Cancelled,4/27/2024,8:03:22,4,
R0069,C5462,D523,Delhi,Pune,45.36,143.11,Cash,Completed,2/28/2024,18:52:59,,Car was clean
R0070,C4856,D354,Delhi,Hyderabad,47.51,619.03,Card,Cancelled,5/26/2024,4:06:00,3,Smooth ride
R0071,C5471,D783,Bangalore,Bangalore,7.81,615.07,UPI,In Progress,7/23/2024,5:39:40,,Driver was late
R0072,C8798,D271,Bangalore,Chennai,22.49,1274.51,Wallet,Completed,12/17/2024,4:37:17,2,Smooth ride
R0073,C5424,D826,Chennai,Delhi,48.65,803.55,Wallet,Completed,7/21/2024,13:12:57,,
R0074,C7782,D983,Delhi,Pune,42.62,939.55,Wallet,Completed,5/29/2024,13:13:55,2,Smooth ride
R0075,C1029,D328,Bangalore,Hyderabad,8.39,417.8,UPI,In Progress,3/24/2024,10:49:22,3,Driver was late
R0076,C6220,D768,Chennai,Bangalore,9.47,464.75,Card,Cancelled,11/8/2024,0:24:59,2,Driver was polite
R0077,C2599,D320,Hyderabad,Mumbai,15.82,120.45,Card,In Progress,2/7/2024,22:25:20,,Overpriced
R0078,C4327,D503,Hyderabad,Mumbai,21.2,1358.96,Card,In Progress,3/23/2024,12:06:55,3,Driver was polite
R0079,C1460,D379,Delhi,Mumbai,32.62,307.08,UPI,In Progress,2/29/2024,15:13:07,5,Smooth ride
R0080,C5076,D616,Delhi,Mumbai,45.71,1450.5,Card,Cancelled,12/4/2024,15:29:42,4,Smooth ride
R0081,C3935,D711,Mumbai,Bangalore,5.62,1027.86,Wallet,In Progress,4/20/2024,14:46:20,4,On time
R0082,C4737,D394,Delhi,Hyderabad,31.84,1202.44,Cash,Completed,9/2/2024,21:00:32,5,
R0083,C1003,D740,Chennai,Hyderabad,9.07,560.54,Card,Cancelled,3/17/2024,20:43:18,,Smooth ride
R0084,C8909,D643,Hyderabad,Pune,14.08,438.04,Cash,In Progress,6/28/2024,9:07:28,,Overpriced
R0085,C1382,D434,Bangalore,Pune,23.56,471.81,UPI,Completed,5/26/2024,10:24:59,3,Driver was late
R0086,C1442,D296,Delhi,Pune,6.88,339.01,Cash,Completed,4/5/2024,8:00:19,3,Car was clean
R0087,C4814,D672,Mumbai,Bangalore,17.91,891.74,Wallet,In Progress,12/30/2024,14:59:54,1,
R0088,C2878,D640,Mumbai,Bangalore,32.95,209.3,Cash,In Progress,1/13/2024,10:05:18,4,
R0089,C6981,D313,Hyderabad,Mumbai,27.5,1002.57,Card,Completed,9/29/2024,0:31:12,1,Driver was late
R0090,C8936,D760,Mumbai,Bangalore,48.63,512.63,Wallet,Completed,12/31/2024,20:01:50,1,Driver was late
R0091,C8877,D288,Bangalore,Hyderabad,5.87,1094.64,Card,Cancelled,1/11/2024,15:10:36,4,Car was clean
R0092,C5998,D880,Pune,Bangalore,35.93,200.21,UPI,Completed,2/8/2024,7:29:54,4,Car was clean
R0093,C1250,D811,Hyderabad,Mumbai,33.99,981.42,Card,Cancelled,9/8/2024,18:40:21,5,Overpriced
R0094,C2120,D798,Chennai,Hyderabad,22.6,959.14,Cash,Completed,2/25/2024,11:15:50,5,Overpriced
R0095,C1576,D555,Delhi,Bangalore,40.51,1277.58,Card,Completed,6/7/2024,19:26:22,2,Driver was late
R0096,C6042,D964,Mumbai,Chennai,48.15,170.05,Cash,Completed,1/7/2024,10:45:45,2,
R0097,C3968,D975,Pune,Delhi,17.49,823.22,Card,Cancelled,9/21/2024,2:33:58,,Smooth ride
R0098,C8707,D633,Delhi,Hyderabad,36.99,537.94,Card,Cancelled,11/7/2024,5:23:37,1,Driver was late
R0099,C2889,D879,Pune,Pune,6.01,344.7,UPI,In Progress,10/30/2024,16:06:05,4,
R0100,C5652,D814,Chennai,Hyderabad,36,990.98,Wallet,Completed,6/11/2024,8:25:59,,Driver was late
R0101,C3570,D403,Delhi,Delhi,27.65,1468.9,UPI,Cancelled,7/14/2024,2:25:32,3,Overpriced
R0102,C8537,D470,Mumbai,Chennai,48.45,795.78,Wallet,Completed,1/26/2024,23:32:00,5,Car was clean
R0103,C4265,D301,Hyderabad,Chennai,21,460.18,Wallet,Completed,8/17/2024,14:30:32,5,Car was clean
R0104,C7699,D565,Delhi,Delhi,47.05,333.51,Cash,In Progress,3/10/2024,3:40:13,,
R0105,C5659,D593,Pune,Delhi,14.39,485.72,Card,Completed,5/23/2024,13:19:27,4,Driver was late
R0106,C7745,D633,Delhi,Pune,4,169.93,UPI,Completed,2/5/2024,8:11:59,1,Car was clean
R0107,C1412,D972,Mumbai,Hyderabad,22.95,1300.21,UPI,In Progress,4/9/2024,4:25:54,3,Overpriced
R0108,C5856,D795,Pune,Hyderabad,10.78,845.46,UPI,Cancelled,8/25/2024,2:05:15,2,Driver was polite
R0109,C5865,D485,Delhi,Pune,4.76,575.01,Cash,Cancelled,1/12/2024,15:02:52,4,On time
R0110,C3009,D269,Pune,Pune,49.54,1246.39,UPI,In Progress,4/17/2024,21:11:19,,
R0111,C6311,D815,Hyderabad,Chennai,49.54,1005.96,UPI,Cancelled,5/28/2024,8:23:42,4,Smooth ride
R0112,C8075,D899,Pune,Chennai,12.24,656.08,UPI,Completed,5/21/2024,20:26:05,,Overpriced
R0113,C3718,D384,Delhi,Pune,8.45,1234.3,UPI,Cancelled,8/29/2024,6:57:37,2,On time
R0114,C9375,D494,Pune,Mumbai,35.12,148.96,Card,In Progress,4/2/2024,13:19:58,2,Overpriced
R0115,C3672,D816,Mumbai,Pune,11.07,704.25,UPI,Completed,12/28/2024,14:55:11,1,Driver was polite
R0116,C7697,D962,Hyderabad,Pune,28.2,967.99,Wallet,In Progress,5/15/2024,17:18:41,5,Driver was late
R0117,C7272,D510,Hyderabad,Chennai,37.82,1082.93,Cash,In Progress,12/11/2024,6:11:01,1,Driver was late
R0118,C5709,D563,Delhi,Chennai,38.13,507.13,Wallet,Completed,6/5/2024,2:42:52,,
R0119,C1014,D646,Mumbai,Bangalore,31.34,1465.11,Wallet,In Progress,2/13/2024,19:57:28,5,Smooth ride
R0120,C1683,D651,Bangalore,Delhi,6.08,1254.67,Wallet,In Progress,1/26/2024,9:23:55,5,Overpriced
R0121,C9036,D680,Hyderabad,Bangalore,23.43,974.94,Cash,Cancelled,8/22/2024,3:50:21,4,Driver was late
R0122,C3889,D387,Hyderabad,Mumbai,9.33,966.19,Card,In Progress,11/24/2024,20:18:29,5,Driver was polite
R0123,C2633,D747,Delhi,Delhi,11.38,855.33,Card,Cancelled,3/5/2024,3:21:10,4,Car was clean
R0124,C5919,D258,Delhi,Bangalore,5.13,886.73,Cash,In Progress,3/22/2024,6:10:52,3,Smooth ride
R0125,C6452,D763,Mumbai,Pune,33.5,836.95,Wallet,Cancelled,9/5/2024,12:57:32,5,On time
R0126,C8786,D468,Hyderabad,Bangalore,18.19,1168.64,Card,In Progress,8/22/2024,20:20:27,4,Overpriced
R0127,C4634,D310,Chennai,Mumbai,35.85,1219.35,Wallet,In Progress,4/11/2024,2:06:19,1,Driver was late
R0128,C1975,D776,Mumbai,Bangalore,20.8,648.85,Wallet,In Progress,5/4/2024,9:57:37,2,Driver was late
R0129,C5056,D992,Pune,Mumbai,31.96,576.47,Wallet,In Progress,2/16/2024,7:47:00,5,On time
R0130,C8704,D891,Hyderabad,Hyderabad,32,553.24,Cash,In Progress,4/15/2024,12:12:34,4,Driver was late
R0131,C4409,D571,Bangalore,Chennai,30.1,858.72,Wallet,In Progress,8/7/2024,11:38:40,2,Driver was late
R0132,C7337,D955,Pune,Delhi,16.22,629.72,UPI,In Progress,9/24/2024,19:36:30,,
R0133,C5844,D803,Pune,Hyderabad,35.84,1000.91,Card,In Progress,4/11/2024,6:14:46,2,Overpriced
R0134,C3153,D683,Delhi,Bangalore,14.27,543.36,Wallet,Cancelled,8/19/2024,2:35:54,,Smooth ride
R0135,C9519,D444,Delhi,Chennai,45.12,564.55,Card,Cancelled,9/4/2024,19:47:34,,Car was clean
R0136,C1121,D324,Delhi,Chennai,42.57,1358.28,Wallet,Cancelled,2/12/2024,10:28:53,4,Smooth ride
R0137,C6616,D958,Hyderabad,Pune,23.15,57.68,UPI,Completed,10/26/2024,9:15:23,2,Overpriced
R0138,C5238,D671,Chennai,Hyderabad,13.48,592.86,Card,In Progress,4/21/2024,8:01:20,1,Overpriced
R0139,C3951,D495,Bangalore,Pune,39.76,650.83,UPI,Cancelled,11/24/2024,19:52:33,1,Smooth ride
R0140,C9495,D643,Pune,Delhi,18.36,1428.44,Wallet,In Progress,5/26/2024,9:58:05,3,Smooth ride
R0141,C6302,D204,Bangalore,Mumbai,39.05,1363.98,Cash,Completed,9/24/2024,14:47:58,4,Driver was late
R0142,C8852,D656,Delhi,Pune,33.82,408.87,Card,Completed,11/2/2024,16:37:58,3,Smooth ride
R0143,C7947,D873,Chennai,Pune,13.54,1130.93,Cash,In Progress,5/6/2024,20:58:38,,On time
R0144,C8398,D882,Chennai,Bangalore,19.44,941.45,UPI,Completed,6/27/2024,22:22:17,1,Driver was late
R0145,C8931,D801,Pune,Delhi,3.54,583.53,UPI,Completed,1/6/2024,4:31:28,5,Overpriced
R0146,C2574,D566,Hyderabad,Chennai,14.69,1463.7,Wallet,Cancelled,1/3/2024,14:41:34,3,Smooth ride
R0147,C3256,D206,Chennai,Bangalore,29.92,832.75,Cash,Cancelled,9/24/2024,8:29:13,,On time
R0148,C8123,D592,Delhi,Bangalore,14.53,862.94,Wallet,In Progress,12/11/2024,16:55:38,1,Smooth ride
R0149,C5703,D528,Bangalore,Pune,12.8,211.15,Wallet,In Progress,5/13/2024,7:52:05,,
R0150,C3087,D687,Bangalore,Chennai,25.98,1133.05,UPI,In Progress,1/12/2024,5:49:07,4,Smooth ride
R0151,C7370,D860,Pune,Hyderabad,2.53,1269.55,Card,Completed,8/27/2024,16:40:54,4,Driver was polite
R0152,C2820,D638,Hyderabad,Chennai,33.66,813.22,UPI,Cancelled,8/20/2024,6:31:38,2,
R0153,C3524,D713,Chennai,Delhi,17.5,1252.1,Cash,Completed,3/28/2024,9:25:09,4,
R0154,C5494,D505,Mumbai,Pune,41.93,498.84,Wallet,In Progress,9/24/2024,16:22:21,2,
R0155,C9173,D355,Mumbai,Pune,14.16,1214.92,Card,Cancelled,7/3/2024,20:05:29,,Car was clean
R0156,C6255,D462,Bangalore,Delhi,4.67,1097.6,Card,In Progress,12/18/2024,17:11:03,1,Overpriced
R0157,C3488,D378,Mumbai,Bangalore,35.7,522.06,Wallet,In Progress,5/15/2024,5:30:59,1,Car was clean
R0158,C5672,D363,Pune,Bangalore,13.87,506.74,Card,Cancelled,10/26/2024,0:46:05,2,Overpriced
R0159,C7474,D356,Chennai,Chennai,27.79,612.69,Wallet,Completed,1/21/2024,23:06:23,4,Car was clean
R0160,C6041,D480,Chennai,Mumbai,16.5,1034.29,Card,Completed,7/8/2024,18:52:04,2,Overpriced
R0161,C9597,D324,Bangalore,Hyderabad,47.3,1454.16,Wallet,Completed,8/11/2024,6:36:54,3,
R0162,C8561,D892,Mumbai,Pune,30.12,1053.48,Card,Completed,9/4/2024,12:54:29,,Driver was polite
R0163,C7826,D459,Hyderabad,Delhi,32.41,937.78,Card,In Progress,12/27/2024,2:46:53,5,Smooth ride
R0164,C4723,D396,Mumbai,Chennai,11.68,465.28,UPI,In Progress,12/3/2024,17:34:31,,Smooth ride
R0165,C4514,D407,Bangalore,Bangalore,29.64,662.88,UPI,Cancelled,4/26/2024,8:47:51,2,Smooth ride
R0166,C3126,D391,Pune,Delhi,23.64,1241.29,Cash,Cancelled,1/5/2024,12:39:11,5,Driver was polite
R0167,C2758,D979,Pune,Mumbai,34.99,740.19,UPI,Completed,3/6/2024,18:25:41,5,Driver was late
R0168,C7440,D467,Mumbai,Hyderabad,22.59,888.67,UPI,Cancelled,5/19/2024,14:31:12,4,Driver was polite
R0169,C3129,D363,Bangalore,Hyderabad,14.55,256.87,Cash,In Progress,11/21/2024,6:27:59,2,Car was clean
R0170,C9147,D627,Mumbai,Pune,39.53,288.95,Cash,In Progress,3/21/2024,14:45:15,1,Driver was late
R0171,C7611,D845,Pune,Bangalore,23.26,470.86,UPI,In Progress,6/20/2024,12:33:45,1,On time
R0172,C3922,D566,Chennai,Bangalore,3.43,1484.99,UPI,Completed,8/29/2024,14:12:58,,Driver was late
R0173,C5608,D606,Pune,Bangalore,30.4,397.27,Cash,In Progress,6/23/2024,11:29:14,5,Overpriced
R0174,C1340,D202,Pune,Pune,40.78,849.04,UPI,In Progress,12/10/2024,11:44:04,5,
R0175,C1154,D776,Bangalore,Chennai,30.22,1360.46,Wallet,Completed,4/11/2024,14:14:02,2,On time
R0176,C8051,D799,Mumbai,Hyderabad,34.17,167.25,Wallet,Completed,4/15/2024,15:38:17,2,Driver was polite
R0177,C6483,D468,Pune,Pune,5.19,1472.43,Card,In Progress,5/27/2024,22:53:05,4,Driver was late
R0178,C3592,D724,Pune,Pune,49.27,176.09,UPI,Completed,8/21/2024,13:46:43,4,Driver was polite
R0179,C2621,D445,Hyderabad,Chennai,38.2,824.79,Cash,In Progress,12/20/2024,6:08:42,3,On time
R0180,C3395,D875,Hyderabad,Bangalore,33.14,1160.2,UPI,Cancelled,6/16/2024,2:52:49,,Smooth ride
R0181,C4219,D969,Delhi,Bangalore,40.87,744.72,UPI,Cancelled,9/26/2024,17:19:49,5,Driver was late
R0182,C9507,D483,Pune,Bangalore,44.7,947.07,Card,Cancelled,11/24/2024,15:08:53,,On time
R0183,C8051,D844,Chennai,Pune,43.62,391.39,UPI,Completed,4/8/2024,8:39:50,1,Smooth ride
R0184,C8949,D776,Chennai,Chennai,35.25,1477.23,Card,Cancelled,10/7/2024,9:26:25,5,Driver was polite
R0185,C7156,D780,Bangalore,Bangalore,47.81,1277.21,UPI,Completed,10/19/2024,9:00:28,5,On time
R0186,C6102,D786,Delhi,Chennai,22.76,401.19,Card,Completed,11/23/2024,10:38:02,,On time
R0187,C6007,D606,Mumbai,Pune,35.38,96.69,Cash,Cancelled,10/12/2024,23:33:11,5,Car was clean
R0188,C3115,D405,Hyderabad,Chennai,8.56,1423.32,Cash,Completed,11/24/2024,19:46:14,3,Car was clean
R0189,C5656,D388,Pune,Hyderabad,8.28,1128.95,Card,In Progress,2/7/2024,6:55:13,2,
R0190,C3780,D748,Bangalore,Chennai,16.51,115.79,Wallet,Completed,8/7/2024,1:44:22,3,On time
R0191,C7104,D236,Hyderabad,Pune,42.5,1140.99,UPI,Completed,9/14/2024,6:08:43,3,Overpriced
R0192,C2789,D299,Bangalore,Pune,33.25,164.62,Wallet,Completed,5/30/2024,13:58:11,4,Smooth ride
R0193,C8070,D735,Hyderabad,Bangalore,24.87,124.7,UPI,Completed,11/4/2024,14:26:01,1,On time
R0194,C5903,D840,Pune,Bangalore,34.87,70.92,Card,In Progress,2/12/2024,17:07:08,,Smooth ride
R0195,C5223,D384,Pune,Delhi,42.65,277.65,Cash,Completed,4/4/2024,1:52:25,,
R0196,C8612,D609,Mumbai,Chennai,26.31,1137.77,Wallet,Completed,5/31/2024,17:19:36,2,
R0197,C6632,D742,Hyderabad,Pune,9.16,1467.16,UPI,Completed,1/21/2024,6:13:04,2,Driver was late
R0198,C6265,D602,Delhi,Bangalore,38.19,379.84,Card,Completed,3/29/2024,8:05:28,2,On time
R0199,C6934,D773,Mumbai,Bangalore,41.9,792.92,Wallet,In Progress,2/18/2024,22:10:34,5,
R0200,C2492,D603,Mumbai,Delhi,37.14,1315.7,UPI,In Progress,10/7/2024,13:50:14,3,Smooth ride
R0201,C9459,D894,Pune,Hyderabad,32.12,1288.6,Wallet,Completed,4/16/2024,3:06:47,3,Overpriced
R0202,C8544,D349,Bangalore,Hyderabad,27.12,1293.03,UPI,Cancelled,8/27/2024,15:45:57,1,Driver was late
R0203,C1959,D888,Delhi,Hyderabad,15.89,122.2,Cash,Cancelled,8/19/2024,22:00:15,,
R0204,C6942,D246,Delhi,Mumbai,14.36,106.03,Card,In Progress,12/15/2024,12:31:03,,Car was clean
R0205,C6203,D407,Hyderabad,Hyderabad,19.71,233.75,Card,Completed,12/15/2024,6:02:21,3,Driver was polite
R0206,C1923,D970,Hyderabad,Hyderabad,32.51,1043.79,Wallet,Completed,3/29/2024,17:06:40,5,
R0207,C4729,D586,Mumbai,Mumbai,24.01,1123.13,UPI,Cancelled,3/20/2024,10:33:10,4,Overpriced
R0208,C5880,D372,Delhi,Chennai,24.86,119.4,Card,Cancelled,9/16/2024,10:21:18,4,Driver was late
R0209,C1195,D303,Bangalore,Bangalore,4.41,420.98,UPI,In Progress,3/19/2024,8:08:24,1,Smooth ride
R0210,C5754,D468,Delhi,Delhi,46.64,368.33,Cash,Completed,11/4/2024,11:31:47,4,Car was clean
R0211,C1241,D305,Delhi,Hyderabad,5.36,545.79,UPI,Completed,3/10/2024,19:59:46,2,Driver was late
R0212,C9689,D264,Bangalore,Delhi,46.4,755.03,UPI,Cancelled,1/14/2024,3:53:21,4,Smooth ride
R0213,C6310,D222,Bangalore,Hyderabad,6.81,802.33,Wallet,Completed,9/13/2024,23:10:53,1,Car was clean
R0214,C7103,D894,Chennai,Chennai,35.84,343.06,Card,Completed,2/6/2024,10:57:58,1,Overpriced
R0215,C1613,D347,Chennai,Pune,26.68,277.4,Card,Cancelled,6/1/2024,13:26:56,,Driver was late
R0216,C6536,D949,Mumbai,Hyderabad,11.09,674.84,Wallet,Cancelled,4/27/2024,23:00:18,2,On time
R0217,C3180,D617,Hyderabad,Chennai,7.9,1151.46,Cash,Completed,11/10/2024,8:08:05,4,Car was clean
R0218,C9536,D220,Bangalore,Pune,2.36,534.74,Wallet,In Progress,10/2/2024,11:33:24,2,Smooth ride
R0219,C5175,D934,Pune,Pune,32.53,780.6,Cash,Cancelled,11/18/2024,14:24:25,4,Driver was late
R0220,C5635,D645,Bangalore,Bangalore,37.55,122.77,Card,In Progress,7/9/2024,15:03:01,2,
R0221,C3229,D633,Delhi,Pune,42.88,1411.08,Cash,Cancelled,5/17/2024,9:19:29,3,On time
R0222,C6819,D907,Delhi,Mumbai,22.13,258.93,Card,Cancelled,12/26/2024,8:58:44,,On time
R0223,C4412,D302,Chennai,Chennai,10.97,353.2,Wallet,Completed,7/22/2024,5:13:55,3,Driver was polite
R0224,C6684,D233,Hyderabad,Delhi,3.11,866.96,Wallet,Completed,12/24/2024,4:51:10,,Smooth ride
R0225,C8695,D636,Delhi,Bangalore,43.69,1429.5,Wallet,Completed,9/24/2024,14:47:10,5,Car was clean
R0226,C6460,D298,Bangalore,Mumbai,8.02,825.35,Wallet,In Progress,10/21/2024,14:36:47,5,On time
R0227,C2694,D749,Pune,Chennai,48.67,878.82,Card,Cancelled,7/17/2024,20:56:01,5,Car was clean
R0228,C6896,D954,Delhi,Mumbai,8.35,750.8,Card,In Progress,12/8/2024,12:05:45,2,Car was clean
R0229,C8843,D568,Pune,Chennai,43.05,1018.41,Wallet,Cancelled,7/18/2024,5:05:53,1,Smooth ride
R0230,C3538,D974,Delhi,Bangalore,12.4,1411.92,UPI,Cancelled,10/23/2024,11:20:56,3,Driver was late
R0231,C3236,D784,Bangalore,Pune,3.26,970.68,UPI,Cancelled,10/2/2024,13:50:47,3,Driver was late
R0232,C4174,D431,Mumbai,Hyderabad,23.64,743.49,Card,Completed,1/3/2024,3:02:54,2,On time
R0233,C8897,D927,Delhi,Delhi,44.83,298.43,Cash,Completed,6/20/2024,8:52:08,4,Driver was late
R0234,C5382,D268,Mumbai,Mumbai,46.1,1393.71,UPI,In Progress,8/15/2024,11:08:27,,Overpriced
R0235,C8443,D886,Hyderabad,Mumbai,31.21,1386.97,Card,Completed,4/28/2024,1:24:20,1,Driver was late
R0236,C2665,D875,Mumbai,Pune,15.45,564.14,Wallet,Cancelled,10/22/2024,22:06:51,2,On time
R0237,C5932,D964,Mumbai,Pune,13.57,749.59,Card,Completed,4/20/2024,9:00:12,4,Car was clean
R0238,C2600,D793,Delhi,Mumbai,38.6,435.15,Cash,Cancelled,12/30/2024,19:45:55,,Driver was late
R0239,C2449,D452,Chennai,Mumbai,46.78,131.55,UPI,Cancelled,9/16/2024,15:52:17,1,Overpriced
R0240,C8044,D213,Delhi,Bangalore,28.81,850.78,Wallet,In Progress,5/17/2024,18:31:46,3,Car was clean
R0241,C7906,D749,Bangalore,Chennai,22.42,1064.51,Cash,Cancelled,5/15/2024,21:53:45,5,Car was clean
R0242,C2633,D422,Pune,Chennai,41.37,594.74,Cash,Cancelled,7/6/2024,1:04:34,1,
R0243,C2981,D658,Chennai,Hyderabad,5.16,994.89,Cash,Completed,8/12/2024,11:54:57,1,Driver was polite
R0244,C9123,D401,Hyderabad,Mumbai,30.92,369.21,Wallet,Completed,3/26/2024,23:10:13,1,Driver was late
R0245,C7534,D391,Delhi,Pune,48.36,265.28,UPI,Completed,8/21/2024,2:45:11,,On time
R0246,C3231,D499,Hyderabad,Hyderabad,35.79,712.34,Cash,In Progress,4/8/2024,16:07:34,1,Smooth ride
R0247,C5931,D864,Bangalore,Hyderabad,22.16,329.75,Card,In Progress,7/1/2024,13:22:01,5,On time
R0248,C9659,D739,Chennai,Bangalore,40.38,1043.11,UPI,In Progress,7/30/2024,18:19:51,2,Driver was late
R0249,C7961,D419,Pune,Mumbai,43.54,70.26,Wallet,Completed,7/27/2024,7:56:03,4,
R0250,C2197,D658,Mumbai,Mumbai,13.87,67.19,Wallet,Cancelled,11/13/2024,15:13:24,1,
R0251,C6588,D476,Hyderabad,Mumbai,26.32,667.54,Card,Completed,7/12/2024,17:04:29,5,Driver was polite
R0252,C2989,D708,Hyderabad,Hyderabad,14.04,1209.88,Wallet,Cancelled,3/13/2024,18:56:07,1,
R0253,C9692,D203,Pune,Mumbai,25.97,342.91,Card,Cancelled,6/8/2024,18:45:59,4,Driver was polite
R0254,C5481,D232,Chennai,Delhi,45.56,783.76,Card,In Progress,11/8/2024,9:06:56,,Smooth ride
R0255,C9221,D802,Pune,Bangalore,4.2,726.68,Wallet,Completed,8/10/2024,13:47:04,3,Driver was polite
R0256,C1538,D795,Chennai,Mumbai,32.2,902.43,Cash,Cancelled,3/1/2024,13:25:33,1,
R0257,C4307,D225,Bangalore,Chennai,3.33,1307.21,Wallet,Cancelled,11/10/2024,10:08:05,1,Car was clean
R0258,C4511,D464,Delhi,Delhi,13.76,970.83,Card,In Progress,6/11/2024,22:09:48,3,Driver was late
R0259,C8961,D923,Hyderabad,Hyderabad,23.55,991.01,Wallet,Completed,7/23/2024,8:06:31,,Overpriced
R0260,C1230,D317,Delhi,Pune,18.13,1395.05,Wallet,Completed,10/24/2024,4:55:28,1,Car was clean
R0261,C8552,D826,Pune,Hyderabad,10.98,1480.31,Wallet,Cancelled,2/25/2024,9:56:33,5,Driver was late
R0262,C1656,D409,Hyderabad,Chennai,38.22,144.91,UPI,Completed,11/24/2024,3:51:22,3,Overpriced
R0263,C9574,D767,Chennai,Mumbai,17.52,1087.28,Wallet,Completed,4/1/2024,8:06:22,4,Driver was polite
R0264,C6052,D312,Delhi,Delhi,20.69,902.74,UPI,Completed,7/19/2024,22:09:24,,Driver was late
R0265,C3528,D568,Bangalore,Hyderabad,34.4,630.84,UPI,In Progress,11/13/2024,10:21:52,4,Driver was polite
R0266,C8727,D220,Delhi,Mumbai,25.08,104.95,UPI,Cancelled,9/17/2024,11:22:08,1,Driver was polite
R0267,C2663,D555,Pune,Delhi,35.25,1483.07,Card,Cancelled,10/14/2024,9:20:33,4,Overpriced
R0268,C9335,D638,Bangalore,Bangalore,19.35,425.38,UPI,In Progress,6/22/2024,5:18:39,1,Driver was polite
R0269,C6782,D354,Hyderabad,Mumbai,7.49,452.4,UPI,Completed,1/29/2024,1:01:48,1,
R0270,C5912,D627,Bangalore,Mumbai,48.67,431.65,Cash,Completed,2/3/2024,19:07:00,4,Smooth ride
R0271,C1698,D242,Bangalore,Bangalore,29.86,595.82,Cash,In Progress,2/29/2024,5:17:29,2,Car was clean
R0272,C7602,D610,Pune,Mumbai,23.8,564.2,Cash,In Progress,1/20/2024,19:53:50,3,Car was clean
R0273,C1985,D438,Hyderabad,Chennai,7.08,634.76,Wallet,In Progress,5/9/2024,8:08:17,1,Overpriced
R0274,C6897,D435,Bangalore,Mumbai,2.54,1181.95,Card,In Progress,3/4/2024,9:01:46,5,On time
R0275,C7093,D729,Bangalore,Chennai,47.02,1020.89,UPI,In Progress,12/11/2024,12:55:23,3,On time
R0276,C4876,D750,Pune,Pune,24.24,200.84,Wallet,Completed,7/30/2024,19:54:36,5,On time
R0277,C6717,D472,Mumbai,Hyderabad,11.67,899.52,Wallet,Cancelled,6/18/2024,2:10:00,4,Smooth ride
R0278,C9379,D990,Mumbai,Chennai,45.49,375.79,Wallet,Completed,7/23/2024,0:39:10,5,Overpriced
R0279,C7387,D676,Hyderabad,Pune,6.4,138.1,Card,Completed,2/19/2024,20:35:14,4,Car was clean
R0280,C4497,D703,Mumbai,Chennai,38.3,698.19,UPI,In Progress,2/28/2024,1:14:23,,Car was clean
R0281,C8877,D527,Mumbai,Pune,9.51,641.48,Cash,Cancelled,1/30/2024,10:25:52,3,Overpriced
R0282,C5346,D615,Pune,Pune,17.05,126.49,Card,In Progress,10/22/2024,9:54:12,4,Driver was late
R0283,C9814,D732,Chennai,Mumbai,24.24,745.71,Card,Cancelled,8/10/2024,20:20:34,4,Smooth ride
R0284,C7846,D439,Hyderabad,Bangalore,21.09,435.17,Card,Completed,7/12/2024,4:49:10,,Smooth ride
R0285,C2557,D985,Hyderabad,Chennai,12.84,1318.98,Card,Cancelled,5/19/2024,10:09:16,3,Overpriced
R0286,C9737,D467,Pune,Bangalore,29.77,211.26,Card,In Progress,4/22/2024,5:42:16,3,Overpriced
R0287,C7635,D631,Mumbai,Pune,7.58,1084.34,Card,Cancelled,6/20/2024,1:03:01,3,Overpriced
R0288,C2202,D767,Mumbai,Delhi,19.18,1127.32,Wallet,Cancelled,11/11/2024,15:10:23,2,Smooth ride
R0289,C8717,D228,Delhi,Bangalore,19.59,1462.42,UPI,In Progress,5/8/2024,14:26:37,5,Car was clean
R0290,C5828,D251,Pune,Pune,48.87,1138.22,Wallet,Completed,4/29/2024,6:51:52,3,Driver was late
R0291,C2735,D537,Pune,Mumbai,26.46,1001.42,UPI,Cancelled,9/14/2024,19:45:35,3,Driver was polite
R0292,C9358,D737,Pune,Delhi,8.74,957.82,UPI,Cancelled,4/4/2024,17:20:37,,
R0293,C2615,D788,Bangalore,Hyderabad,13.88,471.73,Wallet,In Progress,1/9/2024,19:44:01,4,On time
R0294,C6840,D424,Hyderabad,Delhi,28.58,273.47,Wallet,Completed,3/11/2024,7:21:35,3,Driver was late
R0295,C1028,D358,Delhi,Hyderabad,10.47,335.77,Card,Cancelled,6/11/2024,8:36:01,3,Car was clean
R0296,C6772,D513,Chennai,Bangalore,3.65,924.48,Cash,Completed,2/10/2024,16:20:30,,Overpriced
R0297,C1506,D730,Delhi,Delhi,45.77,354.21,Wallet,In Progress,5/3/2024,13:03:01,2,Driver was late
R0298,C3281,D208,Mumbai,Pune,34.72,580.79,UPI,Completed,3/28/2024,4:53:51,1,Smooth ride
R0299,C7544,D312,Bangalore,Chennai,20.76,489.24,Wallet,Completed,6/14/2024,7:58:46,,Driver was late
R0300,C1947,D903,Delhi,Hyderabad,23.51,607.46,UPI,In Progress,7/7/2024,19:33:47,3,Car was clean
R0301,C3380,D738,Chennai,Chennai,35.85,952.56,Wallet,Completed,4/21/2024,11:08:08,3,Overpriced
R0302,C2769,D339,Delhi,Hyderabad,28.64,961.52,Cash,In Progress,8/21/2024,1:31:23,2,Car was clean
R0303,C9918,D881,Bangalore,Delhi,44.69,335.91,Wallet,Cancelled,2/24/2024,18:12:18,4,Driver was polite
R0304,C5928,D745,Pune,Pune,20.23,897.06,Card,In Progress,11/4/2024,13:14:21,3,Driver was polite
R0305,C4435,D282,Pune,Pune,44.85,1042.48,Wallet,Cancelled,11/17/2024,17:51:58,3,Overpriced
R0306,C7463,D442,Hyderabad,Delhi,33.99,279.71,Card,Completed,2/27/2024,2:47:36,3,Driver was polite
R0307,C7693,D988,Hyderabad,Hyderabad,21.01,1490.15,Card,Cancelled,7/15/2024,3:28:32,3,On time
R0308,C8737,D457,Bangalore,Hyderabad,33.91,1185.53,Card,Cancelled,5/9/2024,10:37:17,2,Smooth ride
R0309,C9471,D981,Hyderabad,Pune,25.18,1439.08,Wallet,Completed,6/27/2024,0:50:46,5,Car was clean
R0310,C4056,D559,Mumbai,Delhi,16.53,80.74,Card,Cancelled,6/8/2024,18:50:12,4,Car was clean
R0311,C7594,D627,Delhi,Chennai,12.77,974.39,UPI,In Progress,11/29/2024,3:56:34,4,Smooth ride
R0312,C4850,D783,Chennai,Delhi,21.16,651.44,Wallet,Cancelled,12/24/2024,7:12:17,3,Smooth ride
R0313,C1313,D730,Mumbai,Hyderabad,26.37,742.1,Wallet,Cancelled,4/20/2024,3:56:23,4,Smooth ride
R0314,C3344,D224,Bangalore,Pune,31.34,133.65,Cash,Cancelled,4/24/2024,18:36:48,2,Overpriced
R0315,C2568,D602,Chennai,Hyderabad,27.89,344.84,UPI,Cancelled,10/8/2024,9:57:24,3,Driver was polite
R0316,C6387,D461,Delhi,Bangalore,30.03,748.46,Cash,In Progress,3/12/2024,6:57:12,5,Car was clean
R0317,C9060,D723,Delhi,Mumbai,32.92,1205.7,UPI,Completed,10/11/2024,14:15:47,,Driver was late
R0318,C4304,D279,Chennai,Chennai,15.06,384.94,UPI,Completed,6/8/2024,10:14:01,,
R0319,C4337,D260,Pune,Bangalore,29.86,224.47,Wallet,Cancelled,6/3/2024,6:50:06,,
R0320,C3862,D782,Pune,Chennai,19.97,712.83,Cash,Completed,1/26/2024,0:29:37,1,Driver was polite
R0321,C8527,D350,Pune,Pune,21.95,800.71,Cash,In Progress,4/15/2024,16:34:34,3,Car was clean
R0322,C7527,D483,Chennai,Chennai,25.57,720.73,Wallet,In Progress,9/30/2024,6:34:52,,Driver was polite
R0323,C3598,D522,Bangalore,Mumbai,13.91,296.31,UPI,Completed,5/1/2024,3:38:32,3,Smooth ride
R0324,C4429,D803,Mumbai,Hyderabad,30.98,1356.54,Wallet,Completed,8/29/2024,9:46:01,4,Overpriced
R0325,C9724,D820,Chennai,Chennai,26.91,128.28,Cash,Completed,7/28/2024,13:01:16,,Car was clean
R0326,C5186,D289,Hyderabad,Chennai,8.39,270.25,Cash,In Progress,2/24/2024,10:24:41,5,Driver was late
R0327,C1174,D375,Mumbai,Mumbai,11.86,782.88,Cash,Cancelled,12/19/2024,12:48:05,4,
R0328,C3038,D985,Bangalore,Bangalore,13.62,1282.79,Card,In Progress,3/31/2024,5:29:19,,Smooth ride
R0329,C5904,D665,Delhi,Chennai,7.38,1190.02,Wallet,Completed,11/1/2024,8:26:29,3,On time
R0330,C3286,D333,Delhi,Hyderabad,12.83,1370.2,Card,In Progress,12/22/2024,12:50:20,3,Driver was late
R0331,C6268,D756,Pune,Pune,21.02,390.16,Card,Cancelled,3/30/2024,19:46:26,1,Driver was late
R0332,C7928,D370,Pune,Bangalore,10.54,807.97,Wallet,Cancelled,7/26/2024,7:37:18,4,Driver was polite
R0333,C2890,D962,Delhi,Mumbai,37.9,890.78,UPI,In Progress,9/28/2024,4:59:56,2,Smooth ride
R0334,C7817,D759,Chennai,Chennai,40.12,318.83,UPI,Completed,5/28/2024,15:07:51,2,Driver was polite
R0335,C6895,D806,Hyderabad,Delhi,49.63,1097.98,UPI,Completed,7/27/2024,23:21:18,1,On time
R0336,C3552,D367,Pune,Bangalore,23.6,700.85,Cash,Completed,10/14/2024,13:36:24,2,Smooth ride
R0337,C6270,D581,Bangalore,Pune,49.68,1366.06,Wallet,Completed,7/9/2024,8:53:01,2,
R0338,C3407,D640,Delhi,Hyderabad,35.96,1228.6,Cash,Cancelled,4/22/2024,18:45:07,4,Car was clean
R0339,C9263,D591,Pune,Hyderabad,11.21,625.89,Cash,Cancelled,12/31/2024,13:13:07,2,On time
R0340,C3479,D237,Pune,Chennai,38.81,1394.69,Cash,Completed,2/17/2024,17:27:33,1,Driver was late
R0341,C2282,D594,Pune,Mumbai,4.16,797.43,Wallet,Cancelled,10/29/2024,12:27:51,5,
R0342,C1373,D213,Bangalore,Delhi,18.3,122.39,Cash,In Progress,5/12/2024,3:10:16,,Driver was late
R0343,C6176,D486,Delhi,Bangalore,4.63,224.57,Cash,Cancelled,12/1/2024,21:48:04,1,
R0344,C3324,D703,Chennai,Delhi,40.61,1297.03,UPI,Completed,8/13/2024,18:03:09,3,Car was clean
R0345,C8818,D965,Bangalore,Chennai,24.1,240.48,UPI,Cancelled,5/27/2024,17:27:13,2,
R0346,C8345,D677,Chennai,Chennai,41.79,687.11,Card,In Progress,10/17/2024,7:05:04,3,Smooth ride
R0347,C5707,D895,Mumbai,Hyderabad,26.69,1007.64,Card,Cancelled,12/12/2024,20:15:18,,Driver was polite
R0348,C6239,D332,Bangalore,Chennai,12.46,1066.7,Cash,Cancelled,5/19/2024,7:53:11,5,Car was clean
R0349,C1476,D859,Pune,Bangalore,2.89,555.6,Wallet,Cancelled,2/1/2024,14:42:31,4,Car was clean
R0350,C9019,D283,Chennai,Delhi,15.6,535.24,UPI,Cancelled,2/22/2024,3:38:38,4,Smooth ride
R0351,C8199,D771,Mumbai,Bangalore,29.91,1365.93,Card,Cancelled,8/7/2024,3:21:18,5,Car was clean
R0352,C6362,D872,Bangalore,Mumbai,46.5,533.73,Cash,In Progress,11/10/2024,6:03:49,,Driver was late
R0353,C2520,D790,Mumbai,Bangalore,26.87,783.1,Cash,Completed,12/26/2024,2:42:11,2,Overpriced
R0354,C7814,D285,Bangalore,Pune,20.52,889.76,Wallet,In Progress,2/11/2024,21:51:59,1,Overpriced
R0355,C8368,D887,Chennai,Mumbai,31.72,595.68,Card,In Progress,12/3/2024,22:17:19,,Smooth ride
R0356,C6321,D732,Mumbai,Pune,32.04,276.53,Card,Cancelled,8/24/2024,15:28:44,4,Smooth ride
R0357,C6135,D780,Chennai,Bangalore,31.2,765.21,Cash,Cancelled,6/24/2024,12:14:07,2,
R0358,C1820,D359,Hyderabad,Bangalore,25.03,1411.21,Cash,Cancelled,4/2/2024,2:36:26,2,Driver was late
R0359,C4467,D781,Mumbai,Delhi,21.15,1070.12,Cash,In Progress,1/25/2024,2:04:25,3,Smooth ride
R0360,C7827,D479,Mumbai,Delhi,20.29,1083.42,Card,Completed,9/11/2024,19:46:49,2,
R0361,C8567,D812,Delhi,Bangalore,36.88,550.67,Wallet,Completed,11/22/2024,18:25:32,1,On time
R0362,C7055,D402,Mumbai,Mumbai,12.57,283.67,Card,In Progress,12/19/2024,5:05:42,3,Smooth ride
R0363,C6765,D541,Hyderabad,Mumbai,7.85,1051.1,UPI,Cancelled,10/5/2024,9:32:18,1,On time
R0364,C8206,D421,Mumbai,Chennai,31.31,1177.88,Wallet,In Progress,3/1/2024,17:00:03,2,Car was clean
R0365,C4555,D816,Chennai,Bangalore,31.83,610.85,Wallet,In Progress,9/2/2024,12:52:10,,Car was clean
R0366,C8221,D612,Delhi,Hyderabad,12.21,1315.71,UPI,Completed,2/28/2024,18:17:55,4,On time
R0367,C5847,D861,Delhi,Delhi,20.13,879.08,Cash,Completed,1/27/2024,15:21:11,,On time
R0368,C7161,D913,Mumbai,Hyderabad,14.21,203.29,Card,Cancelled,8/26/2024,1:00:07,2,On time
R0369,C7496,D779,Bangalore,Mumbai,29.74,910.92,UPI,Completed,11/28/2024,7:58:34,3,Smooth ride
R0370,C6727,D574,Bangalore,Chennai,39.07,1160.75,Wallet,Completed,6/5/2024,9:05:03,1,Overpriced
R0371,C5497,D215,Chennai,Delhi,20.16,995.69,Card,Cancelled,2/28/2024,23:39:01,2,Driver was late
R0372,C4779,D635,Hyderabad,Mumbai,12.34,872.75,Cash,In Progress,6/5/2024,2:26:00,3,Smooth ride
R0373,C3150,D475,Mumbai,Delhi,17.1,1110.85,UPI,Cancelled,1/22/2024,6:13:02,2,
R0374,C5991,D540,Bangalore,Chennai,31.95,764.8,Wallet,Cancelled,9/20/2024,8:55:20,2,Overpriced
R0375,C8485,D488,Bangalore,Pune,15.62,448.32,UPI,Completed,8/16/2024,17:03:31,5,Driver was polite
R0376,C1528,D540,Hyderabad,Bangalore,19.88,1123.51,UPI,Cancelled,8/22/2024,12:29:57,1,On time
R0377,C8431,D258,Hyderabad,Delhi,5.96,576.11,UPI,Completed,2/3/2024,7:54:59,2,Driver was polite
R0378,C1127,D601,Delhi,Chennai,36.31,1186.48,Card,Cancelled,3/5/2024,15:58:14,5,Smooth ride
R0379,C4167,D767,Delhi,Bangalore,23.35,1486.48,Card,In Progress,5/9/2024,19:40:28,2,Driver was late
R0380,C6814,D362,Bangalore,Pune,26.72,437.7,Cash,Completed,9/1/2024,20:32:23,,On time
R0381,C1843,D442,Mumbai,Pune,34.3,512.19,Card,Completed,12/7/2024,8:12:11,,
R0382,C7198,D851,Mumbai,Hyderabad,42.39,528.12,Card,In Progress,4/3/2024,6:44:34,,Smooth ride
R0383,C7531,D275,Mumbai,Pune,37.32,252.76,Card,In Progress,4/22/2024,19:24:17,1,
R0384,C2778,D903,Chennai,Chennai,10.05,754.91,Cash,Completed,11/27/2024,6:53:02,2,Driver was polite
R0385,C5591,D408,Hyderabad,Hyderabad,20.31,481.6,Card,Completed,8/9/2024,15:30:55,2,Driver was late
R0386,C4952,D810,Hyderabad,Delhi,5.95,198.8,Card,Completed,12/27/2024,15:07:21,,
R0387,C8132,D648,Pune,Bangalore,43.07,432.67,UPI,Cancelled,10/7/2024,6:11:01,1,On time
R0388,C9859,D272,Pune,Pune,37.45,333.07,Cash,Completed,2/19/2024,18:50:38,,Smooth ride
R0389,C1770,D957,Pune,Mumbai,6.86,410.64,Card,In Progress,3/1/2024,10:32:48,,Driver was polite
R0390,C8556,D973,Mumbai,Mumbai,22.21,1166.27,UPI,Cancelled,2/2/2024,7:04:57,1,On time
R0391,C4044,D318,Bangalore,Hyderabad,6.69,381.28,Card,Cancelled,4/5/2024,5:20:22,3,Smooth ride
R0392,C7928,D872,Hyderabad,Bangalore,22.47,562.32,Card,Cancelled,5/21/2024,11:47:29,2,Car was clean
R0393,C5402,D485,Delhi,Hyderabad,5.57,1205.89,Cash,In Progress,5/30/2024,3:26:30,,
R0394,C6044,D883,Delhi,Pune,13.47,1243.04,Cash,In Progress,3/17/2024,13:16:37,4,
R0395,C9188,D307,Hyderabad,Chennai,7.77,988.22,UPI,Cancelled,3/3/2024,4:18:49,1,Overpriced
R0396,C7381,D386,Pune,Bangalore,5.86,972.15,UPI,Cancelled,11/22/2024,23:35:40,,Smooth ride
R0397,C8366,D714,Mumbai,Chennai,34.31,149.7,Card,Cancelled,5/23/2024,17:18:10,,Smooth ride
R0398,C1627,D887,Hyderabad,Hyderabad,42.26,1475.9,Cash,In Progress,5/28/2024,20:45:57,2,On time
R0399,C1983,D379,Hyderabad,Chennai,28.1,354.27,Wallet,Completed,1/7/2024,13:34:00,1,Driver was late
R0400,C1912,D392,Delhi,Bangalore,22.47,67.02,Cash,Completed,7/11/2024,7:23:33,1,Driver was polite
R0401,C2256,D850,Hyderabad,Pune,5.02,165.27,Card,In Progress,2/20/2024,0:42:31,4,Car was clean
R0402,C8193,D514,Bangalore,Chennai,49.25,385.05,Cash,Cancelled,7/10/2024,5:16:22,3,Car was clean
R0403,C3807,D230,Bangalore,Bangalore,42.77,987.24,Cash,Completed,8/24/2024,13:56:47,,
R0404,C7710,D686,Mumbai,Delhi,43.77,490.13,Wallet,In Progress,1/22/2024,11:45:03,2,
R0405,C4896,D238,Chennai,Hyderabad,34.57,197.96,UPI,In Progress,7/31/2024,1:06:22,1,Car was clean
R0406,C7251,D642,Bangalore,Pune,28.38,653.85,UPI,Completed,12/9/2024,15:25:55,3,Smooth ride
R0407,C1562,D460,Pune,Pune,31.99,347.08,Cash,Cancelled,7/9/2024,19:49:53,1,Driver was late
R0408,C9163,D416,Bangalore,Delhi,14.28,693.73,UPI,Completed,4/22/2024,12:15:43,2,On time
R0409,C6472,D203,Delhi,Chennai,7.55,298.83,Card,In Progress,7/18/2024,12:53:07,,On time
R0410,C6922,D884,Chennai,Chennai,13.41,1293.53,Wallet,Completed,10/19/2024,11:50:46,5,Driver was polite
R0411,C8793,D964,Chennai,Pune,8.95,1370.16,UPI,In Progress,8/4/2024,0:11:05,,Smooth ride
R0412,C8255,D733,Delhi,Chennai,21.49,146.73,Cash,Cancelled,1/24/2024,22:12:13,,Smooth ride
R0413,C8100,D659,Mumbai,Chennai,27.38,1104.58,UPI,In Progress,10/2/2024,17:51:48,5,Car was clean
R0414,C7486,D971,Chennai,Mumbai,48.17,695.97,UPI,In Progress,3/5/2024,0:17:47,4,Car was clean
R0415,C4911,D633,Mumbai,Chennai,48.41,472.37,Card,In Progress,8/1/2024,21:29:09,,Overpriced
R0416,C7282,D307,Mumbai,Hyderabad,43.05,68.39,UPI,Cancelled,12/13/2024,17:23:39,3,Smooth ride
R0417,C4864,D949,Delhi,Mumbai,41.77,358.05,Card,In Progress,2/26/2024,0:42:49,2,On time
R0418,C1842,D950,Mumbai,Bangalore,30.02,1490.73,Cash,Completed,9/28/2024,15:33:52,3,Car was clean
R0419,C3242,D987,Hyderabad,Hyderabad,9.99,255.87,UPI,In Progress,9/20/2024,20:27:47,5,Driver was polite
R0420,C5479,D722,Delhi,Pune,30.06,675.36,Card,Cancelled,2/4/2024,7:33:27,4,Driver was late
R0421,C9744,D466,Bangalore,Chennai,27.44,322.76,Card,Completed,8/21/2024,3:06:31,5,Car was clean
R0422,C4354,D248,Pune,Mumbai,42.14,280.82,UPI,Completed,6/6/2024,2:30:38,,Overpriced
R0423,C1190,D283,Mumbai,Pune,20.55,469.21,UPI,Cancelled,9/11/2024,17:30:56,1,Car was clean
R0424,C1923,D659,Bangalore,Bangalore,46.06,87.43,Card,Completed,9/28/2024,11:48:35,3,Overpriced
R0425,C4422,D346,Bangalore,Pune,17.86,84.94,Card,Cancelled,11/18/2024,19:25:27,3,
R0426,C4372,D944,Chennai,Chennai,15.09,242.56,Card,Completed,11/8/2024,22:37:03,2,Overpriced
R0427,C7930,D678,Mumbai,Hyderabad,17.09,408.32,Wallet,Completed,3/13/2024,22:34:42,2,On time
R0428,C3146,D836,Delhi,Bangalore,21.51,718.65,Wallet,Completed,11/27/2024,5:33:38,1,On time
R0429,C1305,D928,Delhi,Delhi,47.93,857.94,Card,In Progress,1/2/2024,5:51:33,4,Smooth ride
R0430,C2918,D971,Chennai,Bangalore,37.63,76.07,UPI,Completed,10/24/2024,6:00:56,1,Driver was polite
R0431,C9686,D822,Chennai,Mumbai,15.68,899.64,Card,In Progress,9/8/2024,14:12:40,3,On time
R0432,C4671,D429,Delhi,Delhi,25.78,1083.96,Wallet,In Progress,12/14/2024,7:13:40,,
R0433,C1694,D346,Chennai,Delhi,46.85,832.26,Cash,Completed,3/27/2024,19:08:41,1,Car was clean
R0434,C1079,D541,Pune,Pune,31.12,368.15,Cash,In Progress,6/2/2024,9:23:19,3,On time
R0435,C3028,D303,Hyderabad,Bangalore,32.49,361.12,Wallet,Completed,5/11/2024,20:41:32,1,
R0436,C4012,D796,Chennai,Hyderabad,22.61,1207.75,UPI,Cancelled,5/1/2024,11:02:55,4,On time
R0437,C4276,D346,Mumbai,Bangalore,9.16,309.57,Wallet,Completed,8/13/2024,9:29:33,1,Smooth ride
R0438,C9907,D375,Delhi,Bangalore,18.39,1135.13,Wallet,Cancelled,5/24/2024,11:45:21,1,Smooth ride
R0439,C3929,D909,Bangalore,Hyderabad,31.74,605.9,UPI,In Progress,1/11/2024,20:49:02,,Overpriced
R0440,C6635,D619,Chennai,Hyderabad,18.29,701.53,Cash,Completed,5/21/2024,19:11:47,3,Driver was polite
R0441,C7936,D800,Delhi,Delhi,23.67,932.89,Card,Completed,11/19/2024,4:26:46,5,Driver was polite
R0442,C6143,D729,Pune,Chennai,4,1396.72,Card,In Progress,12/29/2024,23:16:31,1,On time
R0443,C7580,D920,Pune,Bangalore,23.76,629.45,Wallet,Cancelled,8/2/2024,0:17:57,1,Driver was polite
R0444,C9964,D932,Pune,Hyderabad,33.78,885.49,Cash,Cancelled,2/5/2024,2:46:08,3,Driver was late
R0445,C8392,D529,Delhi,Chennai,46.43,1263.16,UPI,Cancelled,9/23/2024,3:42:26,1,On time
R0446,C1811,D390,Pune,Delhi,22.05,1113.39,UPI,Cancelled,3/7/2024,21:13:40,,
R0447,C2122,D693,Mumbai,Pune,13.53,143.46,Card,In Progress,12/7/2024,22:23:34,3,Driver was late
R0448,C4451,D921,Pune,Mumbai,2.86,1122.58,Wallet,Completed,3/28/2024,14:26:36,5,Car was clean
R0449,C3785,D586,Chennai,Pune,25.65,446.84,Cash,In Progress,1/18/2024,4:25:32,1,Smooth ride
R0450,C8680,D910,Mumbai,Delhi,7.19,1478.1,Card,In Progress,9/16/2024,17:52:49,,Overpriced
R0451,C1994,D642,Pune,Bangalore,38.34,1131.76,Cash,Cancelled,10/6/2024,2:31:56,3,Driver was polite
R0452,C4616,D588,Mumbai,Pune,32.9,1296.66,UPI,Completed,7/26/2024,13:12:07,3,Overpriced
R0453,C9549,D651,Hyderabad,Hyderabad,8.8,113.47,Cash,Completed,11/9/2024,21:00:03,1,Car was clean
R0454,C2778,D429,Pune,Bangalore,27.4,316.92,UPI,Cancelled,3/17/2024,20:23:20,2,Smooth ride
R0455,C2365,D417,Pune,Mumbai,22.05,952.22,Card,In Progress,3/5/2024,7:12:45,4,Overpriced
R0456,C7850,D668,Mumbai,Hyderabad,33.47,828.23,Wallet,Completed,3/1/2024,13:30:09,4,Overpriced
R0457,C6500,D938,Mumbai,Mumbai,44.03,946.68,Cash,In Progress,10/31/2024,11:10:33,4,Smooth ride
R0458,C9792,D555,Hyderabad,Bangalore,46.49,1396.06,UPI,In Progress,2/29/2024,3:30:04,,Car was clean
R0459,C7578,D733,Bangalore,Mumbai,37.92,194.98,Cash,Cancelled,1/8/2024,1:46:15,3,Smooth ride
R0460,C4128,D661,Delhi,Delhi,48.24,276.33,Wallet,In Progress,2/19/2024,15:31:10,,Smooth ride
R0461,C5071,D218,Pune,Mumbai,34.1,1031.64,Card,In Progress,7/27/2024,20:21:12,1,Car was clean
R0462,C2216,D654,Bangalore,Delhi,48.59,594.04,Card,In Progress,11/12/2024,3:15:38,4,On time
R0463,C6567,D206,Delhi,Chennai,34.48,1187.18,UPI,Cancelled,9/15/2024,19:43:27,,
R0464,C5587,D309,Mumbai,Delhi,44.66,427.75,UPI,Completed,7/29/2024,8:23:27,,
R0465,C7454,D825,Mumbai,Delhi,35.05,133.19,UPI,Cancelled,11/27/2024,4:40:24,4,On time
R0466,C2921,D376,Mumbai,Chennai,16.14,1054.33,Card,Completed,10/29/2024,4:21:43,1,Driver was polite
R0467,C8834,D996,Pune,Hyderabad,36.28,1474.03,Wallet,In Progress,10/7/2024,1:20:31,3,Driver was late
R0468,C9189,D916,Mumbai,Mumbai,28.66,592.88,UPI,Completed,9/21/2024,11:02:52,,Overpriced
R0469,C8101,D465,Pune,Mumbai,26.63,705.89,UPI,Completed,8/29/2024,5:40:52,4,Overpriced
R0470,C4181,D937,Delhi,Bangalore,34.38,526.18,UPI,Completed,11/18/2024,22:02:56,,Driver was late
R0471,C3924,D947,Hyderabad,Bangalore,48.74,626.91,Cash,Cancelled,6/14/2024,23:24:05,4,Overpriced
R0472,C3112,D201,Delhi,Pune,17.51,1156.67,Card,Cancelled,10/15/2024,18:12:04,,Overpriced
R0473,C9841,D842,Chennai,Chennai,7.39,147.08,UPI,Completed,6/13/2024,6:30:56,3,
R0474,C7681,D425,Chennai,Pune,28.9,1345.14,Cash,Cancelled,10/11/2024,18:12:31,3,Car was clean
R0475,C9487,D433,Bangalore,Hyderabad,33.4,1095.25,Wallet,Cancelled,5/14/2024,21:29:26,2,
R0476,C8594,D604,Pune,Bangalore,30.65,1276.55,Cash,Completed,3/7/2024,2:09:21,5,
R0477,C4748,D783,Hyderabad,Bangalore,37.35,383.53,UPI,Cancelled,1/24/2024,18:14:20,4,
R0478,C2363,D415,Bangalore,Mumbai,38.44,199.47,Cash,Cancelled,5/6/2024,18:32:28,3,Driver was polite
R0479,C1906,D798,Delhi,Pune,29.27,961.44,Wallet,In Progress,9/19/2024,7:52:33,1,Driver was late
R0480,C3558,D727,Hyderabad,Hyderabad,30.94,1422.1,Card,Cancelled,6/21/2024,6:58:17,3,
R0481,C6478,D838,Chennai,Pune,26.68,101.93,Wallet,In Progress,9/22/2024,2:24:32,2,On time
R0482,C6434,D400,Delhi,Delhi,34.02,512.49,UPI,Cancelled,11/21/2024,1:11:52,5,Driver was polite
R0483,C6426,D255,Pune,Mumbai,9.21,1201.84,UPI,In Progress,9/26/2024,14:31:06,2,On time
R0484,C3750,D868,Mumbai,Delhi,10.51,539.02,UPI,Completed,11/20/2024,19:07:24,1,Smooth ride
R0485,C7885,D219,Delhi,Chennai,15.54,1228.98,UPI,In Progress,10/5/2024,17:10:01,1,On time
R0486,C7219,D743,Chennai,Bangalore,34.74,1467.18,Wallet,Cancelled,7/5/2024,3:40:49,,
R0487,C6413,D845,Chennai,Chennai,4.09,963.34,Wallet,Completed,10/7/2024,20:20:25,5,On time
R0488,C4098,D674,Mumbai,Chennai,42.31,1085.63,Card,Completed,3/14/2024,14:24:00,5,Driver was polite
R0489,C8501,D528,Delhi,Pune,24.4,437.86,Card,In Progress,2/14/2024,0:32:11,1,On time
R0490,C4981,D544,Bangalore,Delhi,33.35,1430.42,Card,In Progress,7/10/2024,4:38:47,1,Driver was polite
R0491,C6605,D538,Pune,Mumbai,20.72,1262.18,UPI,Completed,3/12/2024,17:23:50,1,Car was clean
R0492,C4581,D429,Pune,Pune,2.38,1056.25,UPI,Cancelled,10/12/2024,1:10:38,5,Car was clean
R0493,C6050,D831,Pune,Hyderabad,21.99,568.91,Cash,In Progress,6/2/2024,21:39:41,,Driver was late
R0494,C3877,D458,Pune,Chennai,5.34,1321.92,Cash,Completed,5/9/2024,5:57:03,1,Smooth ride
R0495,C3264,D772,Pune,Hyderabad,37.64,156.79,Wallet,Completed,7/27/2024,11:47:44,2,Smooth ride
R0496,C4573,D722,Hyderabad,Delhi,39.19,986.7,UPI,Completed,1/18/2024,14:55:49,3,Driver was late
R0497,C3186,D614,Pune,Hyderabad,3.81,447.51,Cash,In Progress,8/10/2024,8:27:11,,Overpriced
R0498,C9428,D454,Bangalore,Pune,26.51,1318.14,Wallet,Cancelled,7/29/2024,19:38:09,3,On time
R0499,C4912,D441,Delhi,Chennai,41.75,280.98,Card,Completed,6/11/2024,1:51:41,4,
R0500,C7184,D829,Bangalore,Pune,37.29,1056.62,Cash,In Progress,12/26/2024,23:06:38,3,Car was clean
